component_id,path_package,source_revision,license_evidence,dependencies,classification,disposition,requirements,review_status
UP-ROOT,LICENSE,5d207d85ee547bc323d704bc6aaab901aa0be8b6,root MIT terms excluding enterprise,all retained source requires transitive review,verified-permissive,retain notice only,all,root license read; code not fully audited
UP-ENT,enterprise/,5d207d85ee547bc323d704bc6aaab901aa0be8b6,enterprise/LICENSE.md,Dockerfile/workspace/hooks,restricted,exclude from commercial build unless rights documented,GW-01..GW-45,license inspected; implementation not reused for new modules
UP-GATEWAY,litellm/proxy/,5d207d85ee547bc323d704bc6aaab901aa0be8b6,root MIT provisional; transitive imports pending,enterprise and external providers,unknown,retain/replace after call-path audit,GW-01..GW-45,no feature-level clearance yet
UP-SDK,litellm/ excluding proxy,5d207d85ee547bc323d704bc6aaab901aa0be8b6,root MIT provisional; dependency/asset audit pending,provider SDKs/vendored code,unknown,retain after audit,gateway compatibility,not reviewed transitively
UP-UI,ui/litellm-dashboard; litellm/proxy/_experimental/out,5d207d85ee547bc323d704bc6aaab901aa0be8b6,root terms plus generated/copied assets,npm dependencies/bundles/fonts,unknown,independent build after asset audit,GW-01..GW-45,compiled output not cleared
UP-ADMIN,Dockerfile liteadmin-builder,ef501e94bc9fbacb9233b922abf71427f030408c,external license review required,litellm-admin-agent,third-party-separate-terms,exclude pending review/original replacement,GW-39,build inclusion confirmed only
UP-DEP,pyproject.toml; uv.lock; dashboard package-lock.json,5d207d85ee547bc323d704bc6aaab901aa0be8b6,individual dependency terms required,Python/npm workspace,unknown,inventory licenses/vulnerabilities and artifact inclusion,release,"lockfiles present, SBOM pending"
OR-WAYPASS,../litellmlic/app; ../litellmlic/web,uncommitted local development,independently authored; dependencies separately reviewed,FastAPI/PostgreSQL/React/OIDC/crypto,original,replace provisional grant/auth model for specification,LIC-01..LIC-15,"prototype tests, not full acceptance"
OR-ADAPTER,litellm/proxy/auth/litellm_license.py; custom_license_refresh_middleware.py,uncommitted local development,root-licensed adapter modification/new middleware,inherited premium gates,original,replace trust contract and off-request-path refresh,GW-43,development only
